{
    "name": "root",
    "gauges": {
        "AgentController.Policy.Entropy.mean": {
            "value": 1.4681293964385986,
            "min": 1.4189382791519165,
            "max": 1.5000280141830444,
            "count": 1511
        },
        "AgentController.Policy.Entropy.sum": {
            "value": 15635.578125,
            "min": 8513.630859375,
            "max": 18386.146484375,
            "count": 1511
        },
        "AgentController.Environment.LessonNumber.phase.mean": {
            "value": 2.0,
            "min": 0.0,
            "max": 2.0,
            "count": 1511
        },
        "AgentController.Environment.LessonNumber.phase.sum": {
            "value": 2.0,
            "min": 0.0,
            "max": 2.0,
            "count": 1511
        },
        "AgentController.Environment.EpisodeLength.mean": {
            "value": 174.83050847457628,
            "min": 124.13924050632912,
            "max": 299.5,
            "count": 1511
        },
        "AgentController.Environment.EpisodeLength.sum": {
            "value": 10315.0,
            "min": 5931.0,
            "max": 11986.0,
            "count": 1511
        },
        "AgentController.Step.mean": {
            "value": 15109859.0,
            "min": 9920.0,
            "max": 15109859.0,
            "count": 1511
        },
        "AgentController.Step.sum": {
            "value": 15109859.0,
            "min": 9920.0,
            "max": 15109859.0,
            "count": 1511
        },
        "AgentController.Policy.ExtrinsicValueEstimate.mean": {
            "value": 15.027383804321289,
            "min": -0.9379909634590149,
            "max": 16.279016494750977,
            "count": 1511
        },
        "AgentController.Policy.ExtrinsicValueEstimate.sum": {
            "value": 871.5882568359375,
            "min": -31.891693115234375,
            "max": 1119.2449951171875,
            "count": 1511
        },
        "AgentController.Environment.CumulativeReward.mean": {
            "value": 25.257672170112873,
            "min": -5.452770699154247,
            "max": 42.705312002272834,
            "count": 1511
        },
        "AgentController.Environment.CumulativeReward.sum": {
            "value": 1464.9449858665466,
            "min": -179.94143307209015,
            "max": 2167.5587689876556,
            "count": 1511
        },
        "AgentController.Policy.ExtrinsicReward.mean": {
            "value": 25.257672170112873,
            "min": -5.452770699154247,
            "max": 42.705312002272834,
            "count": 1511
        },
        "AgentController.Policy.ExtrinsicReward.sum": {
            "value": 1464.9449858665466,
            "min": -179.94143307209015,
            "max": 2167.5587689876556,
            "count": 1511
        },
        "AgentController.IsTraining.mean": {
            "value": 1.0,
            "min": 1.0,
            "max": 1.0,
            "count": 1511
        },
        "AgentController.IsTraining.sum": {
            "value": 1.0,
            "min": 1.0,
            "max": 1.0,
            "count": 1511
        },
        "AgentController.Losses.PolicyLoss.mean": {
            "value": 0.011781082501531474,
            "min": 0.007432463889320691,
            "max": 0.018066135355857788,
            "count": 374
        },
        "AgentController.Losses.PolicyLoss.sum": {
            "value": 0.011781082501531474,
            "min": 0.007432463889320691,
            "max": 0.018066135355857788,
            "count": 374
        },
        "AgentController.Losses.ValueLoss.mean": {
            "value": 64.43613871821651,
            "min": 0.17673288881778718,
            "max": 80.61990017361111,
            "count": 374
        },
        "AgentController.Losses.ValueLoss.sum": {
            "value": 64.43613871821651,
            "min": 0.17673288881778718,
            "max": 80.61990017361111,
            "count": 374
        },
        "AgentController.Policy.LearningRate.mean": {
            "value": 0.000127395051069976,
            "min": 0.000127395051069976,
            "max": 0.00014993697004201997,
            "count": 374
        },
        "AgentController.Policy.LearningRate.sum": {
            "value": 0.000127395051069976,
            "min": 0.000127395051069976,
            "max": 0.00014993697004201997,
            "count": 374
        },
        "AgentController.Policy.Epsilon.mean": {
            "value": 0.184930024,
            "min": 0.184930024,
            "max": 0.19995797999999995,
            "count": 374
        },
        "AgentController.Policy.Epsilon.sum": {
            "value": 0.184930024,
            "min": 0.184930024,
            "max": 0.19995797999999995,
            "count": 374
        },
        "AgentController.Policy.Beta.mean": {
            "value": 0.0042480081976,
            "min": 0.0042480081976,
            "max": 0.004997903202,
            "count": 374
        },
        "AgentController.Policy.Beta.sum": {
            "value": 0.0042480081976,
            "min": 0.0042480081976,
            "max": 0.004997903202,
            "count": 374
        }
    },
    "metadata": {
        "timer_format_version": "0.1.0",
        "start_time_seconds": "1775804609",
        "python_version": "3.9.25 (main, Oct 31 2025, 18:40:52) \n[Clang 17.0.0 (clang-1700.4.4.1)]",
        "command_line_arguments": "/Users/sor-team/Documents/UnityProjects/UnityMLAgents2022/VE_MAC/bin/mlagents-learn --run-id=ProvaNuovaArchitettura3_2 configs/config_simpler_curriculum_2.yaml",
        "mlagents_version": "0.30.0",
        "mlagents_envs_version": "0.30.0",
        "communication_protocol_version": "1.5.0",
        "pytorch_version": "1.11.0",
        "numpy_version": "1.21.2",
        "end_time_seconds": "1775816359"
    },
    "total": 6376.62264475,
    "count": 1,
    "self": 0.0035562090006351355,
    "children": {
        "run_training.setup": {
            "total": 0.009691582999999948,
            "count": 1,
            "self": 0.009691582999999948
        },
        "TrainerController.start_learning": {
            "total": 6376.609396958,
            "count": 1,
            "self": 6.03328149812387,
            "children": {
                "TrainerController._reset_env": {
                    "total": 31.379604791,
                    "count": 1,
                    "self": 31.379604791
                },
                "TrainerController.advance": {
                    "total": 6339.154974961876,
                    "count": 606888,
                    "self": 4.90774299493296,
                    "children": {
                        "env_step": {
                            "total": 5248.70747546919,
                            "count": 606888,
                            "self": 5091.082046443026,
                            "children": {
                                "SubprocessEnvManager._take_step": {
                                    "total": 155.39004319911913,
                                    "count": 606888,
                                    "self": 8.033834713425335,
                                    "children": {
                                        "TorchPolicy.evaluate": {
                                            "total": 147.3562084856938,
                                            "count": 563561,
                                            "self": 147.3562084856938
                                        }
                                    }
                                },
                                "workers": {
                                    "total": 2.235385827044489,
                                    "count": 606887,
                                    "self": 0.0,
                                    "children": {
                                        "worker_root": {
                                            "total": 6337.034683702194,
                                            "count": 606887,