{
    "name": "root",
    "gauges": {
        "AgentController.Policy.Entropy.mean": {
            "value": 1.44296395778656,
            "min": 1.423855185508728,
            "max": 1.4431182146072388,
            "count": 8
        },
        "AgentController.Policy.Entropy.sum": {
            "value": 77573.7421875,
            "min": 68733.1484375,
            "max": 77573.7421875,
            "count": 8
        },
        "AgentController.Step.mean": {
            "value": 399984.0,
            "min": 49984.0,
            "max": 399984.0,
            "count": 8
        },
        "AgentController.Step.sum": {
            "value": 399984.0,
            "min": 49984.0,
            "max": 399984.0,
            "count": 8
        },
        "AgentController.Policy.ExtrinsicValueEstimate.mean": {
            "value": 0.5011072158813477,
            "min": -0.05079087242484093,
            "max": 0.5011072158813477,
            "count": 8
        },
        "AgentController.Policy.ExtrinsicValueEstimate.sum": {
            "value": 532.1758422851562,
            "min": -50.33375549316406,
            "max": 532.1758422851562,
            "count": 8
        },
        "AgentController.Losses.PolicyLoss.mean": {
            "value": 0.0228700835215083,
            "min": 0.021944305502175767,
            "max": 0.026070667906121038,
            "count": 8
        },
        "AgentController.Losses.PolicyLoss.sum": {
            "value": 0.11435041760754151,
            "min": 0.08777722200870307,
            "max": 0.11435041760754151,
            "count": 8
        },
        "AgentController.Losses.ValueLoss.mean": {
            "value": 0.4152845557530721,
            "min": 0.1940467746410933,
            "max": 0.4152845557530721,
            "count": 8
        },
        "AgentController.Losses.ValueLoss.sum": {
            "value": 2.0764227787653606,
            "min": 0.7761870985643732,
            "max": 2.0764227787653606,
            "count": 8
        },
        "AgentController.Policy.LearningRate.mean": {
            "value": 7.402567532479998e-05,
            "min": 7.402567532479998e-05,
            "max": 0.000280992006336,
            "count": 8
        },
        "AgentController.Policy.LearningRate.sum": {
            "value": 0.00037012837662399995,
            "min": 0.00037012837662399995,
            "max": 0.001123968025344,
            "count": 8
        },
        "AgentController.Policy.Epsilon.mean": {
            "value": 0.12467520000000001,
            "min": 0.12467520000000001,
            "max": 0.19366400000000006,
            "count": 8
        },
        "AgentController.Policy.Epsilon.sum": {
            "value": 0.623376,
            "min": 0.541632,
            "max": 0.7746560000000002,
            "count": 8
        },
        "AgentController.Policy.Beta.mean": {
            "value": 0.00124129248,
            "min": 0.00124129248,
            "max": 0.004683833599999999,
            "count": 8
        },
        "AgentController.Policy.Beta.sum": {
            "value": 0.0062064623999999995,
            "min": 0.0062064623999999995,
            "max": 0.018735334399999998,
            "count": 8
        },
        "AgentController.Environment.EpisodeLength.mean": {
            "value": 199.0,
            "min": 198.5,
            "max": 199.0,
            "count": 8
        },
        "AgentController.Environment.EpisodeLength.sum": {
            "value": 63680.0,
            "min": 31760.0,
            "max": 63680.0,
            "count": 8
        },
        "AgentController.Environment.CumulativeReward.mean": {
            "value": 2.4125,
            "min": -0.07916666666666666,
            "max": 2.4125,
            "count": 8
        },
        "AgentController.Environment.CumulativeReward.sum": {
            "value": 772.0,
            "min": -19.0,
            "max": 772.0,
            "count": 8
        },
        "AgentController.Policy.ExtrinsicReward.mean": {
            "value": 2.4125,
            "min": -0.07916666666666666,
            "max": 2.4125,
            "count": 8
        },
        "AgentController.Policy.ExtrinsicReward.sum": {
            "value": 772.0,
            "min": -19.0,
            "max": 772.0,
            "count": 8
        },
        "AgentController.IsTraining.mean": {
            "value": 1.0,
            "min": 1.0,
            "max": 1.0,
            "count": 8
        },
        "AgentController.IsTraining.sum": {
            "value": 1.0,
            "min": 1.0,
            "max": 1.0,
            "count": 8
        }
    },
    "metadata": {
        "timer_format_version": "0.1.0",
        "start_time_seconds": "1766243919",
        "python_version": "3.10.11 (tags/v3.10.11:7d4cc5a, Apr  5 2023, 00:38:17) [MSC v.1929 64 bit (AMD64)]",
        "command_line_arguments": "C:\\Users\\gvnnp\\Documents\\UnityProjects\\UnityMLAgents2022\\VE_W\\Scripts\\mlagents-learn --run-id=Prova1v1_1 --force",
        "mlagents_version": "1.1.0",
        "mlagents_envs_version": "1.1.0",
        "communication_protocol_version": "1.5.0",
        "pytorch_version": "2.9.0+cpu",
        "numpy_version": "1.23.5",
        "end_time_seconds": "1766244330"
    },
    "total": 410.8637376000006,
    "count": 1,
    "self": 0.0062011000009079,
    "children": {
        "run_training.setup": {
            "total": 0.07849699999860604,
            "count": 1,
            "self": 0.07849699999860604
        },
        "TrainerController.start_learning": {
            "total": 410.7790395000011,
            "count": 1,
            "self": 0.10033899996597029,
            "children": {
                "TrainerController._reset_env": {
                    "total": 8.216051200000948,
                    "count": 1,
                    "self": 8.216051200000948
                },
                "TrainerController.advance": {
                    "total": 402.4439848000329,
                    "count": 5199,
                    "self": 0.09224250012994162,
                    "children": {
                        "env_step": {
                            "total": 325.2791239999988,
                            "count": 5199,
                            "self": 313.613553800109,
                            "children": {
                                "SubprocessEnvManager._take_step": {
                                    "total": 11.596290999888879,
                                    "count": 5200,
                                    "self": 0.38440739990983275,
                                    "children": {
                                        "TorchPolicy.evaluate": {
                                            "total": 11.211883599979046,
                                            "count": 5200,
                                            "self": 11.211883599979046
                                        }
                                    }
                                },
                                "workers": {
                                    "total": 0.06927920000089216,
                                    "count": 5198,
                                    "self": 0.0,
                                    "children": {
                                        "worker_root": {
                                            "total": 203.903054300019,
                                            "count": 5198,
                                            "is_parallel": true,
                                            "self": 103.61892700011049,
                                            "children": {
                                                "steps_from_proto": {
                                                    "total": 0.0017614000007597497,